DatensatzID;Gebietsname;Land;Provinz;Autokennzeichen;Koordinate E;Koordinate N;Datum;Uhrzeit_von;Uhrzeit_bis;Temperatur;Wind;Bewölkung;Regen;Bemerkung (allg.);Artengruppe;Taxonom. Ordnungsnr.;ArtID;Gattung;Art;Trivialname;+/-;Anzahl;Geschlecht;Alter;Beobachtung;Bemerkung;Punktverortung E;Punktverortung N;Uhrzeit;TK25;Best.unsicher;Beob.gesperrt;Belegbildlink;Gebietslink
16726351480;Biotop Hürth Sielsdorf;DE;NRW;BM;6,85491;50,90391;06.08.2022;;;;;;;;Saeuger;;763153389;Erinaceus;europaeus;Westeuropäischer Igel;;1;;;verletzt/krank;Sterbend  ;0,00000;0,00000;;5007/3;nein;nein;;https://naturgucker.de/?gebiet=-912713277
-16006435510;Biotop Hürth Sielsdorf;DE;NRW;BM;6,85491;50,90391;29.07.2022;;;;;;;;InsektenSonstige;;-1334714803;Myathropa;florea;Totenkopfschwebfliege;;1;;;;;0,00000;0,00000;;5007/3;nein;nein;https://naturgucker.de/?bild=-661094606;https://naturgucker.de/?gebiet=-912713277
516381270;Biotop Hürth Sielsdorf;DE;NRW;BM;6,85491;50,90391;22.07.2022;;;;;;;;Kaefer;;-564366255;Oulema;gallaeciana;Blaues Getreidehähnchen;;1;;;;;0,00000;0,00000;;5007/3;nein;nein;https://naturgucker.de/?bild=-748431131;https://naturgucker.de/?gebiet=-912713277
11520677180;Biotop Hürth Sielsdorf;DE;NRW;BM;6,85491;50,90391;22.07.2022;;;;;;;;Kaefer;;-1159733212;Psyllobora;vigintiduopunctata;Zweiundzwanzigpunkt-Marienkäfer;;1;;;;;0,00000;0,00000;;5007/3;nein;nein;https://naturgucker.de/?bild=757111081;https://naturgucker.de/?gebiet=-912713277
11427551950;Biotop Hürth Sielsdorf;DE;NRW;BM;6,85491;50,90391;22.07.2022;;;;;;;;InsektenSonstige;;1403587908;Empididae;indet.;Tanzfliege (unbestimmt);;1;;;;;0,00000;0,00000;;5007/3;nein;nein;https://naturgucker.de/?bild=179900392;https://naturgucker.de/?gebiet=-912713277
-17717024790;Biotop Hürth Sielsdorf;DE;NRW;BM;6,85491;50,90391;22.07.2022;;;;;;;;InsektenSonstige;;-1842213630;Deraeocoris;ruber;Rote Halsring-Weichwanze;;1;;;;;0,00000;0,00000;;5007/3;nein;nein;https://naturgucker.de/?bild=1222129027;https://naturgucker.de/?gebiet=-912713277
-5771249060;Biotop Hürth Sielsdorf;DE;NRW;BM;6,85491;50,90391;22.07.2022;;;;;;;;InsektenSonstige;;-1905409015;Issus;coleoptratus;Echte Käferzikade;;1;;;;;0,00000;0,00000;;5007/3;nein;nein;https://naturgucker.de/?bild=-44046232;https://naturgucker.de/?gebiet=-912713277
-11229076050;Biotop Hürth Sielsdorf;DE;NRW;BM;6,85491;50,90391;22.07.2022;;;;;;;;InsektenSonstige;;-921877320;Tachina;fera;Igelfliege;;1;;;;;0,00000;0,00000;;5007/3;nein;nein;https://naturgucker.de/?bild=59168618;https://naturgucker.de/?gebiet=-912713277
3902833300;Biotop Hürth Sielsdorf;DE;NRW;BM;6,85491;50,90391;15.07.2022;;;;;;;;Schmetterlinge;;-1358400161;Pammene;aurana;Bärenklauwickler;;1;;;;;0,00000;0,00000;;5007/3;nein;nein;https://naturgucker.de/?bild=-875978000;https://naturgucker.de/?gebiet=-912713277
8520232200;Biotop Hürth Sielsdorf;DE;NRW;BM;6,85491;50,90391;15.07.2022;;;;;;;;InsektenSonstige;;323392562;Nepa;cinerea;Wasserskorpion;;1;;;;;0,00000;0,00000;;5007/3;nein;nein;https://naturgucker.de/?bild=713446733;https://naturgucker.de/?gebiet=-912713277
18121895960;Biotop Hürth Sielsdorf;DE;NRW;BM;6,85491;50,90391;15.07.2022;;;;;;;;InsektenSonstige;;1486699444;Velia;caprai;Großer Bachläufer;;4;;;;;0,00000;0,00000;;5007/3;nein;nein;https://naturgucker.de/?bild=-593048567;https://naturgucker.de/?gebiet=-912713277
17724080;Biotop Hürth Sielsdorf;DE;NRW;BM;6,85491;50,90391;15.07.2022;;;;;;;;TiereSonstige;;-606562842;Perca;fluviatilis;Flussbarsch;min.;40;;juvenil (jugendlich);;;0,00000;0,00000;;5007/3;nein;nein;https://naturgucker.de/?bild=687830653;https://naturgucker.de/?gebiet=-912713277
10121415420;Biotop Hürth Sielsdorf;DE;NRW;BM;6,85491;50,90391;08.07.2022;;;;;;;;Schmetterlinge;;677714062;Aethes;margaritana;;;1;;;;;0,00000;0,00000;;5007/3;nein;nein;https://naturgucker.de/?bild=1498165241;https://naturgucker.de/?gebiet=-912713277
13778565570;Biotop Hürth Sielsdorf;DE;NRW;BM;6,85491;50,90391;08.07.2022;;;;;;;;InsektenSonstige;;961818130;Ancistrocerus;nigricornis;Frühe Lehmwespe;;1;;;;;0,00000;0,00000;;5007/3;nein;nein;https://naturgucker.de/?bild=-1382778864;https://naturgucker.de/?gebiet=-912713277
1188382990;Biotop Hürth Sielsdorf;DE;NRW;BM;6,85491;50,90391;08.07.2022;;;;;;;;TiereSonstige;;682947632;Dictyna;uncinata;Gewöhnliche Heckenkräuselspinne;;1;;;;;0,00000;0,00000;;5007/3;nein;nein;https://naturgucker.de/?bild=104177566;https://naturgucker.de/?gebiet=-912713277
-4139120670;Biotop Hürth Sielsdorf;DE;NRW;BM;6,85491;50,90391;08.07.2022;;;;;;;;TiereSonstige;;-606562842;Perca;fluviatilis;Flussbarsch;dzde;;;juvenil (jugendlich);;;0,00000;0,00000;;5007/3;nein;nein;https://naturgucker.de/?bild=-2134709564;https://naturgucker.de/?gebiet=-912713277
-12309412920;Biotop Hürth Sielsdorf;DE;NRW;BM;6,85491;50,90391;01.07.2022;;;;;;;;Schmetterlinge;;752303616;Epinotia;cinereana / nisella;;;1;;;Totfund;;0,00000;0,00000;;5007/3;nein;nein;https://naturgucker.de/?bild=-587807573;https://naturgucker.de/?gebiet=-912713277
12898937430;Biotop Hürth Sielsdorf;DE;NRW;BM;6,85491;50,90391;01.07.2022;;;;;;;;Kaefer;;1354839464;Athous;bicolor;Zweifarbiger Laubschnellkäfer;;1;;;;;0,00000;0,00000;;5007/3;nein;nein;https://naturgucker.de/?bild=1037433504;https://naturgucker.de/?gebiet=-912713277
4986754420;Biotop Hürth Sielsdorf;DE;NRW;BM;6,85491;50,90391;27.06.2022;;;;;;;;InsektenSonstige;;1229269943;Empis;livida;Ackerdistel-Tanzfliege;;1;;;;;0,00000;0,00000;;5007/3;nein;nein;https://naturgucker.de/?bild=-1780141235;https://naturgucker.de/?gebiet=-912713277
-19589162860;Biotop Hürth Sielsdorf;DE;NRW;BM;6,85491;50,90391;27.06.2022;;;;;;;;InsektenSonstige;;1013077588;Himacerus;apterus;Flügellose Sichelwanze;;1;;;;;0,00000;0,00000;;5007/3;nein;nein;https://naturgucker.de/?bild=1332935059;https://naturgucker.de/?gebiet=-912713277
6424455180;Biotop Hürth Sielsdorf;DE;NRW;BM;6,85491;50,90391;27.06.2022;;;;;;;;Pilze;;100803113;Ganoderma;adspersum;Wulstiger Lackporling;;1;;;;;0,00000;0,00000;;5007/3;nein;nein;https://naturgucker.de/?bild=1358202727;https://naturgucker.de/?gebiet=-912713277
3629941360;Biotop Hürth Sielsdorf;DE;NRW;BM;6,85491;50,90391;17.06.2022;;;;;;;;Schmetterlinge;;-113424904;Hedya;salicella;Weiden-Knospenwickler;;1;;;;;0,00000;0,00000;;5007/3;nein;nein;https://naturgucker.de/?bild=2014847330;https://naturgucker.de/?gebiet=-912713277
-3821479050;Biotop Hürth Sielsdorf;DE;NRW;BM;6,85491;50,90391;17.06.2022;;;;;;;;Schmetterlinge;;428360860;Ochlodes;sylvanus;Rostfarbiger Dickkopffalter;;2;;;;;0,00000;0,00000;;5007/3;nein;nein;https://naturgucker.de/?bild=-1163010641;https://naturgucker.de/?gebiet=-912713277
-5032789350;Biotop Hürth Sielsdorf;DE;NRW;BM;6,85491;50,90391;17.06.2022;;;;;;;;Schmetterlinge;;1770188925;Vanessa;cardui;Distelfalter;;1;;;;;0,00000;0,00000;;5007/3;nein;nein;https://naturgucker.de/?bild=-1666175835;https://naturgucker.de/?gebiet=-912713277
-9131352370;Biotop Hürth Sielsdorf;DE;NRW;BM;6,85491;50,90391;17.06.2022;;;;;;;;InsektenSonstige;;-2143297235;Bombus;lapidarius;Steinhummel;;1;;;;;0,00000;0,00000;;5007/3;nein;nein;https://naturgucker.de/?bild=637686961;https://naturgucker.de/?gebiet=-912713277
18543894140;Biotop Hürth Sielsdorf;DE;NRW;BM;6,85491;50,90391;17.06.2022;;;;;;;;InsektenSonstige;;-991573774;Bombus;terrestris;Dunkle Erdhummel;;1;;;;;0,00000;0,00000;;5007/3;nein;nein;https://naturgucker.de/?bild=-756445723;https://naturgucker.de/?gebiet=-912713277
-19134482690;Biotop Hürth Sielsdorf;DE;NRW;BM;6,85491;50,90391;17.06.2022;;;;;;;;InsektenSonstige;;-278154032;Netelia;indet.;Netelia-Schlupfwespe (unbestimmt);;1;;;;;0,00000;0,00000;;5007/3;nein;nein;https://naturgucker.de/?bild=-520072020;https://naturgucker.de/?gebiet=-912713277
-13325337170;Biotop Hürth Sielsdorf;DE;NRW;BM;6,85491;50,90391;13.06.2022;;;;;;;;Schmetterlinge;;1224738350;Acronicta;rumicis;Ampfereule;;1;;Raupe L4;;;0,00000;0,00000;;5007/3;nein;nein;https://naturgucker.de/?bild=300684447;https://naturgucker.de/?gebiet=-912713277
10993249230;Biotop Hürth Sielsdorf;DE;NRW;BM;6,85491;50,90391;12.06.2022;;;;;;;;Amphibien;;1115720708;Anguis;fragilis;Blindschleiche;;1;;;;;0,00000;0,00000;;5007/3;nein;nein;https://naturgucker.de/?bild=1327433338;https://naturgucker.de/?gebiet=-912713277
3741922720;Biotop Hürth Sielsdorf;DE;NRW;BM;6,85491;50,90391;12.06.2022;;;;;;;;Libellen;;-1620792041;Coenagrion;puella;Hufeisen-Azurjungfer;;1;;;;;0,00000;0,00000;;5007/3;nein;nein;https://naturgucker.de/?bild=613806293;https://naturgucker.de/?gebiet=-912713277
9360560240;Biotop Hürth Sielsdorf;DE;NRW;BM;6,85491;50,90391;10.06.2022;;;;;;;;Voegel;17600;-1936007614;Columba;palumbus;Ringeltaube;;2;;;;;0,00000;0,00000;;5007/3;nein;nein;;https://naturgucker.de/?gebiet=-912713277
14517945110;Biotop Hürth Sielsdorf;DE;NRW;BM;6,85491;50,90391;10.06.2022;;;;;;;;Voegel;77100;-160865708;Buteo;buteo;Mäusebussard;;1;;;;;0,00000;0,00000;;5007/3;nein;nein;;https://naturgucker.de/?gebiet=-912713277
-14248731780;Biotop Hürth Sielsdorf;DE;NRW;BM;6,85491;50,90391;10.06.2022;;;;;;;;Voegel;90900;-1351838284;Dendrocopos;major;Buntspecht;;3;;;;;0,00000;0,00000;;5007/3;nein;nein;;https://naturgucker.de/?gebiet=-912713277
-12087763390;Biotop Hürth Sielsdorf;DE;NRW;BM;6,85491;50,90391;10.06.2022;;;;;;;;Voegel;92200;-481001672;Falco;tinnunculus;Turmfalke;;1;;;;;0,00000;0,00000;;5007/3;nein;nein;;https://naturgucker.de/?gebiet=-912713277
-5352665640;Biotop Hürth Sielsdorf;DE;NRW;BM;6,85491;50,90391;10.06.2022;;;;;;;;Voegel;154100;-1895198242;Pica;pica;Elster;;1;;;;;0,00000;0,00000;;5007/3;nein;nein;;https://naturgucker.de/?gebiet=-912713277
15944270940;Biotop Hürth Sielsdorf;DE;NRW;BM;6,85491;50,90391;10.06.2022;;;;;;;;Voegel;154300;-1851983768;Corvus;corone;Rabenkrähe;;1;;;;;0,00000;0,00000;;5007/3;nein;nein;;https://naturgucker.de/?gebiet=-912713277
-14034469360;Biotop Hürth Sielsdorf;DE;NRW;BM;6,85491;50,90391;10.06.2022;;;;;;;;Voegel;161500;412520663;Cyanistes;caeruleus;Blaumeise;;2;;;;;0,00000;0,00000;;5007/3;nein;nein;;https://naturgucker.de/?gebiet=-912713277
20168723030;Biotop Hürth Sielsdorf;DE;NRW;BM;6,85491;50,90391;10.06.2022;;;;;;;;Voegel;177500;1765164403;Aegithalos;caudatus;Schwanzmeise;;4;;;;;0,00000;0,00000;;5007/3;nein;nein;;https://naturgucker.de/?gebiet=-912713277
-7262622070;Biotop Hürth Sielsdorf;DE;NRW;BM;6,85491;50,90391;10.06.2022;;;;;;;;Voegel;196300;2108177940;Erithacus;rubecula;Rotkehlchen;;1;;;;;0,00000;0,00000;;5007/3;nein;nein;;https://naturgucker.de/?gebiet=-912713277
-830736680;Biotop Hürth Sielsdorf;DE;NRW;BM;6,85491;50,90391;10.06.2022;;;;;;;;Voegel;214400;-1384514389;Carduelis;carduelis;Stieglitz;;4;;;;;0,00000;0,00000;;5007/3;nein;nein;;https://naturgucker.de/?gebiet=-912713277
2007621260;Biotop Hürth Sielsdorf;DE;NRW;BM;6,85491;50,90391;05.06.2022;;;;;;;;Kaefer;;-986662627;Barypeithes;indet.;Barypeithes - Trägrüssler (unbestimmt);;1;;;;;0,00000;0,00000;;5007/3;nein;nein;https://naturgucker.de/?bild=1589327277;https://naturgucker.de/?gebiet=-912713277
20713041640;Biotop Hürth Sielsdorf;DE;NRW;BM;6,85491;50,90391;05.06.2022;;;;;;;;Kaefer;;-1852823079;Drilus;flavescens;Gelber Schneckenhauskäfer;;1;männl.;Imago;;;0,00000;0,00000;;5007/3;nein;nein;https://naturgucker.de/?bild=-829090503;https://naturgucker.de/?gebiet=-912713277
-13260105070;Biotop Hürth Sielsdorf;DE;NRW;BM;6,85491;50,90391;05.06.2022;;;;;;;;Kaefer;;-1554532623;Oberea;pupillata;Geißblatt-Linienbock;;1;;;;;0,00000;0,00000;;5007/3;nein;nein;https://naturgucker.de/?bild=1371195009;https://naturgucker.de/?gebiet=-912713277
3445367760;Biotop Hürth Sielsdorf;DE;NRW;BM;6,85491;50,90391;05.06.2022;;;;;;;;InsektenSonstige;;-1603751566;Closterotomus;norwegicus;Zweipunktige Wiesenwanze;;1;;;;;0,00000;0,00000;;5007/3;nein;nein;https://naturgucker.de/?bild=-499938104;https://naturgucker.de/?gebiet=-912713277
-12623293340;Biotop Hürth Sielsdorf;DE;NRW;BM;6,85491;50,90391;05.06.2022;;;;;;;;InsektenSonstige;;1326924845;Dolichomitus;imperator;Riesenschlupfwespe;;1;männl.;;;;0,00000;0,00000;;5007/3;nein;nein;https://naturgucker.de/?bild=-828515119;https://naturgucker.de/?gebiet=-912713277
-19480013330;Biotop Hürth Sielsdorf;DE;NRW;BM;6,85491;50,90391;05.06.2022;;;;;;;;InsektenSonstige;;125380953;Macrophya;ribis;Schwarzholunder-Blattwespe;;1;;;;;0,00000;0,00000;;5007/3;nein;nein;https://naturgucker.de/?bild=-1625364373;https://naturgucker.de/?gebiet=-912713277
-10117212980;Biotop Hürth Sielsdorf;DE;NRW;BM;6,85491;50,90391;30.05.2022;;;;;;;;Schmetterlinge;;-1678529716;Orgyia;antiqua;Schlehen-Bürstenspinner;;1;;Raupe L3;;;0,00000;0,00000;;5007/3;nein;nein;https://naturgucker.de/?bild=380857791;https://naturgucker.de/?gebiet=-912713277
13297452130;Biotop Hürth Sielsdorf;DE;NRW;BM;6,85491;50,90391;30.05.2022;;;;;;;;Kaefer;;-1351306046;Alosterna;tabacicolor;Feldahorn-Bock;;1;;;;;0,00000;0,00000;;5007/3;nein;nein;https://naturgucker.de/?bild=1984319930;https://naturgucker.de/?gebiet=-912713277
-20760191720;Biotop Hürth Sielsdorf;DE;NRW;BM;6,85491;50,90391;30.05.2022;;;;;;;;Kaefer;;-2005658115;Anaspis;maculata;Gefleckter Scheinstachelkäfer;;1;;;;;0,00000;0,00000;;5007/3;nein;nein;https://naturgucker.de/?bild=-1202215802;https://naturgucker.de/?gebiet=-912713277
-16165397660;Biotop Hürth Sielsdorf;DE;NRW;BM;6,85491;50,90391;30.05.2022;;;;;;;;Kaefer;;-1973169061;Dorytomus;ictor;Dickrüssliger Pappel-Kätzchenrüssler;;1;;;;;0,00000;0,00000;;5007/3;nein;nein;https://naturgucker.de/?bild=174297027;https://naturgucker.de/?gebiet=-912713277
13628956350;Biotop Hürth Sielsdorf;DE;NRW;BM;6,85491;50,90391;30.05.2022;;;;;;;;Kaefer;;992208183;Grammoptera;ruficornis;Mattschwarzer Blütenbock;;1;;;;;0,00000;0,00000;;5007/3;nein;nein;https://naturgucker.de/?bild=176262335;https://naturgucker.de/?gebiet=-912713277
7537298540;Biotop Hürth Sielsdorf;DE;NRW;BM;6,85491;50,90391;30.05.2022;;;;;;;;InsektenSonstige;;1508443118;Psyllopsis;fraxini;Eschen-Blattfloh;min.;4;;;;;0,00000;0,00000;;5007/3;nein;nein;https://naturgucker.de/?bild=-13079494;https://naturgucker.de/?gebiet=-912713277
17295188360;Biotop Hürth Sielsdorf;DE;NRW;BM;6,85491;50,90391;30.05.2022;;;;;;;;InsektenSonstige;;1974128406;Sicus;ferrugineus;Gemeine Breitstirnblasenkopffliege;;1;;;;;0,00000;0,00000;;5007/3;nein;nein;https://naturgucker.de/?bild=2073353890;https://naturgucker.de/?gebiet=-912713277
-16773556250;Biotop Hürth Sielsdorf;DE;NRW;BM;6,85491;50,90391;21.05.2022;;;;;;;;Kaefer;;1438672095;Hylobius;abietis;Großer Brauner Rüsselkäfer;;1;;;;;0,00000;0,00000;;5007/3;nein;nein;https://naturgucker.de/?bild=44911884;https://naturgucker.de/?gebiet=-912713277
-10774243060;Biotop Hürth Sielsdorf;DE;NRW;BM;6,85491;50,90391;21.05.2022;;;;;;;;InsektenSonstige;;1413496086;Acanthosoma;haemorrhoidale;Wipfel-Stachelwanze;;1;;;;;0,00000;0,00000;;5007/3;nein;nein;https://naturgucker.de/?bild=-551572154;https://naturgucker.de/?gebiet=-912713277
-13421194090;Biotop Hürth Sielsdorf;DE;NRW;BM;6,85491;50,90391;17.05.2022;;;;;;;;Schmetterlinge;;-1336966104;Nemapogon;granella;Kornmotte;;1;;;;;0,00000;0,00000;;5007/3;nein;nein;https://naturgucker.de/?bild=399994174;https://naturgucker.de/?gebiet=-912713277
9186814270;Biotop Hürth Sielsdorf;DE;NRW;BM;6,85491;50,90391;17.05.2022;;;;;;;;Kaefer;;1592711385;Dorcus;parallelipipedus;Balkenschröter;;1;;;;;0,00000;0,00000;;5007/3;nein;nein;https://naturgucker.de/?bild=1817714860;https://naturgucker.de/?gebiet=-912713277
-13763643220;Biotop Hürth Sielsdorf;DE;NRW;BM;6,85491;50,90391;17.05.2022;;;;;;;;TiereSonstige;;-923738141;Misumena;vatia;Veränderliche Krabbenspinne;;1;;;;;0,00000;0,00000;;5007/3;nein;nein;https://naturgucker.de/?bild=756046783;https://naturgucker.de/?gebiet=-912713277
857511770;Biotop Hürth Sielsdorf;DE;NRW;BM;6,85491;50,90391;07.05.2022;;;;;;;;Kaefer;;-1904821963;Agrypnus;murinus;Mausgrauer Schnellkäfer;;1;;;;;0,00000;0,00000;;5007/3;nein;nein;https://naturgucker.de/?bild=-1295368329;https://naturgucker.de/?gebiet=-912713277
8482417660;Biotop Hürth Sielsdorf;DE;NRW;BM;6,85491;50,90391;07.05.2022;;;;;;;;Kaefer;;260049179;Malachius;bipustulatus;Zweifleckiger Zipfelkäfer;;1;;;;;0,00000;0,00000;;5007/3;nein;nein;https://naturgucker.de/?bild=-111895787;https://naturgucker.de/?gebiet=-912713277
20671406560;Biotop Hürth Sielsdorf;DE;NRW;BM;6,85491;50,90391;05.05.2022;;;;;;;;Pflanzen;40000;986515430;Mespilus;germanica;Echte Mispel;;1;;;;;0,00000;0,00000;;5007/3;nein;nein;https://naturgucker.de/?bild=1272108270;https://naturgucker.de/?gebiet=-912713277
-12106415750;Biotop Hürth Sielsdorf;DE;NRW;BM;6,85491;50,90391;05.05.2022;;;;;;;;Kaefer;;769547116;Agelastica;alni;Blauer Erlenblattkäfer;;1;;;;;0,00000;0,00000;;5007/3;nein;nein;https://naturgucker.de/?bild=-1572577579;https://naturgucker.de/?gebiet=-912713277
-1406921100;Biotop Hürth Sielsdorf;DE;NRW;BM;6,85491;50,90391;05.05.2022;;;;;;;;InsektenSonstige;;-650656380;Eysarcoris;venustissimus;Schillerwanze;min.;10;;;;;0,00000;0,00000;;5007/3;nein;nein;https://naturgucker.de/?bild=1651642330;https://naturgucker.de/?gebiet=-912713277
4203778560;Biotop Hürth Sielsdorf;DE;NRW;BM;6,85491;50,90391;24.04.2022;;;;;;;;Kaefer;;1377432253;Ampedus;indet.;Ampedus-Schnellkäfer (unbestimmt);;1;;;;;0,00000;0,00000;;5007/3;nein;nein;https://naturgucker.de/?bild=2035455484;https://naturgucker.de/?gebiet=-912713277
-19620154250;Biotop Hürth Sielsdorf;DE;NRW;BM;6,85491;50,90391;24.04.2022;;;;;;;;Kaefer;;-259271614;Chrysolina;americana;Rosmarin-Blattkäfer;;1;;Larve/Raupe/Nymphe;;;0,00000;0,00000;;5007/3;nein;nein;https://naturgucker.de/?bild=-75380963;https://naturgucker.de/?gebiet=-912713277
-15598104760;Biotop Hürth Sielsdorf;DE;NRW;BM;6,85491;50,90391;23.04.2022;;;;;;;;Kaefer;;-1305122183;Crepidodera;indet.;Crepidodera-Flohkäfer (unbestimmt);;1;;;;;0,00000;0,00000;;5007/3;nein;nein;https://naturgucker.de/?bild=1056270885;https://naturgucker.de/?gebiet=-912713277
-5660468600;Biotop Hürth Sielsdorf;DE;NRW;BM;6,85491;50,90391;23.04.2022;;;;;;;;Kaefer;;791961340;Phyllobius;pyri;Kupfriger Blattrüssler;;1;;;;;0,00000;0,00000;;5007/3;nein;nein;https://naturgucker.de/?bild=2026843528;https://naturgucker.de/?gebiet=-912713277
4793069540;Biotop Hürth Sielsdorf;DE;NRW;BM;6,85491;50,90391;23.04.2022;;;;;;;;Kaefer;;866809780;Harmonia;axyridis;Asiatischer Marienkäfer;;1;;;;;0,00000;0,00000;;5007/3;nein;nein;https://naturgucker.de/?bild=1986985868;https://naturgucker.de/?gebiet=-912713277
97067580;Biotop Hürth Sielsdorf;DE;NRW;BM;6,85491;50,90391;17.04.2022;;;;;;;;InsektenSonstige;;1799769403;Limnophila;schranki;Schranks Stelzmücke;;1;;;;;0,00000;0,00000;;5007/3;nein;nein;https://naturgucker.de/?bild=1024782922;https://naturgucker.de/?gebiet=-912713277
-16678564320;Biotop Hürth Sielsdorf;DE;NRW;BM;6,85491;50,90391;09.04.2022;;;;;;;;InsektenSonstige;;1337419255;Sialis;lutaria;Gemeine Wasserflorfliege;;1;;;;;0,00000;0,00000;;5007/3;nein;nein;https://naturgucker.de/?bild=-1244009020;https://naturgucker.de/?gebiet=-912713277
-2959853110;Biotop Hürth Sielsdorf;DE;NRW;BM;6,85491;50,90391;27.03.2022;;;;;;;;Voegel;16100;-2021634647;Anas;platyrhynchos;Stockente;;1;;;;;0,00000;0,00000;;5007/3;nein;nein;;https://naturgucker.de/?gebiet=-912713277
2931798170;Biotop Hürth Sielsdorf;DE;NRW;BM;6,85491;50,90391;27.03.2022;;;;;;;;Voegel;17600;-1936007614;Columba;palumbus;Ringeltaube;;2;;;;;0,00000;0,00000;;5007/3;nein;nein;;https://naturgucker.de/?gebiet=-912713277
-19508214960;Biotop Hürth Sielsdorf;DE;NRW;BM;6,85491;50,90391;27.03.2022;;;;;;;;Voegel;92200;-481001672;Falco;tinnunculus;Turmfalke;;2;;;;;0,00000;0,00000;;5007/3;nein;nein;;https://naturgucker.de/?gebiet=-912713277
10578121190;Biotop Hürth Sielsdorf;DE;NRW;BM;6,85491;50,90391;27.03.2022;;;;;;;;Voegel;153700;-1143804961;Garrulus;glandarius;Eichelhäher;;1;;;;;0,00000;0,00000;;5007/3;nein;nein;;https://naturgucker.de/?gebiet=-912713277
311655000;Biotop Hürth Sielsdorf;DE;NRW;BM;6,85491;50,90391;27.03.2022;;;;;;;;Voegel;161500;412520663;Cyanistes;caeruleus;Blaumeise;;2;;;;;0,00000;0,00000;;5007/3;nein;nein;;https://naturgucker.de/?gebiet=-912713277
-12279476610;Biotop Hürth Sielsdorf;DE;NRW;BM;6,85491;50,90391;27.03.2022;;;;;;;;Voegel;161700;-219564940;Parus;major;Kohlmeise;;2;;;;;0,00000;0,00000;;5007/3;nein;nein;;https://naturgucker.de/?gebiet=-912713277
16351986900;Biotop Hürth Sielsdorf;DE;NRW;BM;6,85491;50,90391;27.03.2022;;;;;;;;Voegel;176000;1538916412;Phylloscopus;collybita;Zilpzalp;;1;;;;;0,00000;0,00000;;5007/3;nein;nein;;https://naturgucker.de/?gebiet=-912713277
17535260060;Biotop Hürth Sielsdorf;DE;NRW;BM;6,85491;50,90391;27.03.2022;;;;;;;;Voegel;196300;2108177940;Erithacus;rubecula;Rotkehlchen;;1;;;;;0,00000;0,00000;;5007/3;nein;nein;;https://naturgucker.de/?gebiet=-912713277
-4601520800;Biotop Hürth Sielsdorf;DE;NRW;BM;6,85491;50,90391;27.03.2022;;;;;;;;Voegel;210200;277570746;Fringilla;coelebs;Buchfink;;2;;;;;0,00000;0,00000;;5007/3;nein;nein;;https://naturgucker.de/?gebiet=-912713277
-5026575000;Biotop Hürth Sielsdorf;DE;NRW;BM;6,85491;50,90391;27.03.2022;;;;;;;;Amphibien;;-1284584011;Bufo;bufo;Erdkröte;;4;;;;;0,00000;0,00000;;5007/3;nein;nein;;https://naturgucker.de/?gebiet=-912713277
-14403632990;Biotop Hürth Sielsdorf;DE;NRW;BM;6,85491;50,90391;27.03.2022;;;;;;;;Schmetterlinge;;-456556273;Orthosia;cerasi;Rundflügel-Kätzcheneule;;1;;;;;0,00000;0,00000;;5007/3;nein;nein;https://naturgucker.de/?bild=-902260155;https://naturgucker.de/?gebiet=-912713277
-8526477810;Biotop Hürth Sielsdorf;DE;NRW;BM;6,85491;50,90391;05.03.2022;;;;;;;;Voegel;46700;-1401232693;Grus;grus;Kranich;ca.;150;;;Zug n. NO;;0,00000;0,00000;;5007/3;nein;nein;;https://naturgucker.de/?gebiet=-912713277
4672870910;Biotop Hürth Sielsdorf;DE;NRW;BM;6,85491;50,90391;05.03.2022;;;;;;;;Voegel;154300;-319733279;Corvus;monedula;Dohle;;2;;;;;0,00000;0,00000;;5007/3;nein;nein;;https://naturgucker.de/?gebiet=-912713277
7548210400;Biotop Hürth Sielsdorf;DE;NRW;BM;6,85491;50,90391;05.03.2022;;;;;;;;Voegel;203200;1125740617;Prunella;modularis;Heckenbraunelle;;1;;;;;0,00000;0,00000;;5007/3;nein;nein;;https://naturgucker.de/?gebiet=-912713277
-17908467300;Biotop Hürth Sielsdorf;DE;NRW;BM;6,85491;50,90391;05.03.2022;;;;;;;;Saeuger;;249988490;Muroidea;indet.;Maus (unbestimmt);;1;;;;;0,00000;0,00000;;5007/3;nein;nein;;https://naturgucker.de/?gebiet=-912713277
-16288678630;Biotop Hürth Sielsdorf;DE;NRW;BM;6,85491;50,90391;05.03.2022;;;;;;;;InsektenSonstige;;-716581913;Pollenia;indet.;Pollenia-Schmeißfliege (unbestimmt);;1;;;;;0,00000;0,00000;;5007/3;nein;nein;https://naturgucker.de/?bild=1369514666;https://naturgucker.de/?gebiet=-912713277
4982491430;Biotop Hürth Sielsdorf;DE;NRW;BM;6,85491;50,90391;20.02.2022;15:00;;;;;;;Voegel;46700;-1401232693;Grus;grus;Kranich;min.;100;;;Zug n. N;;0,00000;0,00000;;5007/3;nein;nein;;https://naturgucker.de/?gebiet=-912713277
7110378600;Biotop Hürth Sielsdorf;DE;NRW;BM;6,85491;50,90391;20.02.2022;15:00;;;;;;;Voegel;153700;-1143804961;Garrulus;glandarius;Eichelhäher;;1;;;;;0,00000;0,00000;;5007/3;nein;nein;;https://naturgucker.de/?gebiet=-912713277
18014476000;Biotop Hürth Sielsdorf;DE;NRW;BM;6,85491;50,90391;20.02.2022;15:00;;;;;;;Pilze;;958670042;Exidia;nigricans;Hexenbutter;;1;;;;;0,00000;0,00000;;5007/3;nein;nein;https://naturgucker.de/?bild=1874658954;https://naturgucker.de/?gebiet=-912713277
9408561840;Biotop Hürth Sielsdorf;DE;NRW;BM;6,85491;50,90391;05.02.2022;;;;;;;;Voegel;17600;-1936007614;Columba;palumbus;Ringeltaube;;2;;;;;0,00000;0,00000;;5007/3;nein;nein;;https://naturgucker.de/?gebiet=-912713277
-7724450140;Biotop Hürth Sielsdorf;DE;NRW;BM;6,85491;50,90391;05.02.2022;;;;;;;;Voegel;74900;-1518338257;Accipiter;gentilis;Habicht;;1;;;;;0,00000;0,00000;;5007/3;nein;nein;;https://naturgucker.de/?gebiet=-912713277
-8013525390;Biotop Hürth Sielsdorf;DE;NRW;BM;6,85491;50,90391;05.02.2022;;;;;;;;Voegel;89300;1876606279;Picus;viridis;Grünspecht;;1;;;;;0,00000;0,00000;;5007/3;nein;nein;;https://naturgucker.de/?gebiet=-912713277
9504486860;Biotop Hürth Sielsdorf;DE;NRW;BM;6,85491;50,90391;05.02.2022;;;;;;;;Voegel;154100;-1895198242;Pica;pica;Elster;;1;;;Rupfung;;0,00000;0,00000;;5007/3;nein;nein;;https://naturgucker.de/?gebiet=-912713277
-995532420;Biotop Hürth Sielsdorf;DE;NRW;BM;6,85491;50,90391;05.02.2022;;;;;;;;Voegel;154300;-1851983768;Corvus;corone;Rabenkrähe;;3;;;;;0,00000;0,00000;;5007/3;nein;nein;;https://naturgucker.de/?gebiet=-912713277
-8116315930;Biotop Hürth Sielsdorf;DE;NRW;BM;6,85491;50,90391;05.02.2022;;;;;;;;Voegel;161500;412520663;Cyanistes;caeruleus;Blaumeise;;2;;;;;0,00000;0,00000;;5007/3;nein;nein;;https://naturgucker.de/?gebiet=-912713277
-10420740620;Biotop Hürth Sielsdorf;DE;NRW;BM;6,85491;50,90391;05.02.2022;;;;;;;;Voegel;185200;1111034174;Certhia;brachydactyla/Certhia familiaris;Gartenbaumläufer/Waldbaumläufer (Artenpaar);;1;;;;;0,00000;0,00000;;5007/3;nein;nein;;https://naturgucker.de/?gebiet=-912713277
6922893790;Biotop Hürth Sielsdorf;DE;NRW;BM;6,85491;50,90391;05.02.2022;;;;;;;;Voegel;186500;-205443828;Troglodytes;troglodytes;Zaunkönig;;1;;;;;0,00000;0,00000;;5007/3;nein;nein;;https://naturgucker.de/?gebiet=-912713277
16068961170;Biotop Hürth Sielsdorf;DE;NRW;BM;6,85491;50,90391;05.02.2022;;;;;;;;Voegel;210200;277570746;Fringilla;coelebs;Buchfink;;2;;;;;0,00000;0,00000;;5007/3;nein;nein;;https://naturgucker.de/?gebiet=-912713277
-6077114700;Biotop Hürth Sielsdorf;DE;NRW;BM;6,85491;50,90391;22.01.2022;;;;;;;;Saeuger;;-1877514095;Sciurus;vulgaris;Europäisches Eichhörnchen;;1;;;;;0,00000;0,00000;;5007/3;nein;nein;;https://naturgucker.de/?gebiet=-912713277
-9869126150;Biotop Hürth Sielsdorf;DE;NRW;BM;6,85491;50,90391;22.01.2022;;;;;;;;Saeuger;;1756868003;Talpa;europaea;Europäischer Maulwurf;;1;;;Bau, Röhre etc.;;0,00000;0,00000;;5007/3;nein;nein;;https://naturgucker.de/?gebiet=-912713277
9194413870;Biotop Hürth Sielsdorf;DE;NRW;BM;6,85491;50,90391;22.01.2022;;;;;;;;Kaefer;;1377432253;Ampedus;indet.;Ampedus-Schnellkäfer (unbestimmt);;1;;;;;0,00000;0,00000;;5007/3;nein;nein;https://naturgucker.de/?bild=-639609761;https://naturgucker.de/?gebiet=-912713277
-9292056630;Biotop Hürth Sielsdorf;DE;NRW;BM;6,85491;50,90391;30.12.2021;;;;;;;;InsektenSonstige;;1326577356;Stenocranus;major;Große Spornzikade;;1;;;;;0,00000;0,00000;;5007/3;nein;nein;https://naturgucker.de/?bild=769821051;https://naturgucker.de/?gebiet=-912713277
6364701550;Biotop Hürth Sielsdorf;DE;NRW;BM;6,85491;50,90391;02.10.2021;;;;;;;;Voegel;74900;-1518338257;Accipiter;gentilis;Habicht;;1;;;;;0,00000;0,00000;;5007/3;nein;nein;;https://naturgucker.de/?gebiet=-912713277
-7101206960;Biotop Hürth Sielsdorf;DE;NRW;BM;6,85491;50,90391;02.10.2021;;;;;;;;Saeuger;;946259626;Felis;domestica;Hauskatze;;1;;;;;0,00000;0,00000;;5007/3;nein;nein;;https://naturgucker.de/?gebiet=-912713277
3251838510;Biotop Hürth Sielsdorf;DE;NRW;BM;6,85491;50,90391;25.09.2021;;;;;;;;Saeuger;;1902843630;Mustela;nivalis;Mauswiesel;;1;;;Verkehrsopfer;;0,00000;0,00000;;5007/3;nein;nein;https://naturgucker.de/?bild=406284940;https://naturgucker.de/?gebiet=-912713277
-15781491070;Biotop Hürth Sielsdorf;DE;NRW;BM;6,85491;50,90391;19.09.2021;;;;;;;;InsektenSonstige;;1013077588;Himacerus;apterus;Flügellose Sichelwanze;;1;;;;;0,00000;0,00000;;5007/3;nein;nein;https://naturgucker.de/?bild=2005977502;https://naturgucker.de/?gebiet=-912713277
19465690700;Biotop Hürth Sielsdorf;DE;NRW;BM;6,85491;50,90391;19.09.2021;;;;;;;;TiereSonstige;;-158731678;Metellina;segmentata/mengei;Artenkomplex Herbstspinne (Metellina segmentata / mengei);;1;;;;;0,00000;0,00000;;5007/3;nein;nein;https://naturgucker.de/?bild=-1792137920;https://naturgucker.de/?gebiet=-912713277
19688220180;Biotop Hürth Sielsdorf;DE;NRW;BM;6,85491;50,90391;21.08.2021;;;;;;;;Schmetterlinge;;-2112738878;Cataclysta;lemnata;Wasserlinsenzünsler;;4;;;;;0,00000;0,00000;;5007/3;nein;nein;https://naturgucker.de/?bild=2031671352;https://naturgucker.de/?gebiet=-912713277
10679951600;Biotop Hürth Sielsdorf;DE;NRW;BM;6,85491;50,90391;21.08.2021;;;;;;;;Schmetterlinge;;1249237672;Celastrina;argiolus;Faulbaumbläuling;;1;;;;;0,00000;0,00000;;5007/3;nein;nein;https://naturgucker.de/?bild=219364728;https://naturgucker.de/?gebiet=-912713277
9917076690;Biotop Hürth Sielsdorf;DE;NRW;BM;6,85491;50,90391;21.08.2021;;;;;;;;Schmetterlinge;;904680128;Timandra;comae;Ampferspanner;;1;;;;;0,00000;0,00000;;5007/3;nein;nein;https://naturgucker.de/?bild=1262986931;https://naturgucker.de/?gebiet=-912713277
16518135060;Biotop Hürth Sielsdorf;DE;NRW;BM;6,85491;50,90391;21.08.2021;;;;;;;;TiereSonstige;;-1866155809;Lymnaea;stagnalis;Spitze Schlammschnecke;;1;;;;;0,00000;0,00000;;5007/3;nein;nein;https://naturgucker.de/?bild=-449233770;https://naturgucker.de/?gebiet=-912713277
15554698360;Biotop Hürth Sielsdorf;DE;NRW;BM;6,85491;50,90391;07.08.2021;;;;;;;;Kaefer;;-457397283;Nanophyes;marmoratus;Marmorierter Zwergrüssler;;1;Paar(e);;Paarung;;0,00000;0,00000;;5007/3;nein;nein;https://naturgucker.de/?bild=-770259720;https://naturgucker.de/?gebiet=-912713277
1765773640;Biotop Hürth Sielsdorf;DE;NRW;BM;6,85491;50,90391;07.08.2021;;;;;;;;Kaefer;;-1556070512;Oulema;duftschmidi/melanopus;Getreidehähnchen (Artenkomplex);;1;;;;;0,00000;0,00000;;5007/3;nein;nein;https://naturgucker.de/?bild=-104103622;https://naturgucker.de/?gebiet=-912713277
15741657880;Biotop Hürth Sielsdorf;DE;NRW;BM;6,85491;50,90391;07.08.2021;;;;;;;;Libellen;;323342809;Chalcolestes;viridis;Westliche Weidenjungfer;;4;;;;;0,00000;0,00000;;5007/3;nein;nein;https://naturgucker.de/?bild=-1456027874;https://naturgucker.de/?gebiet=-912713277
20972385610;Biotop Hürth Sielsdorf;DE;NRW;BM;6,85491;50,90391;07.08.2021;;;;;;;;InsektenSonstige;;-1334714803;Myathropa;florea;Totenkopfschwebfliege;;1;;;;;0,00000;0,00000;;5007/3;nein;nein;https://naturgucker.de/?bild=-1497075452;https://naturgucker.de/?gebiet=-912713277
-3992221810;Biotop Hürth Sielsdorf;DE;NRW;BM;6,85491;50,90391;07.07.2021;;;;;;;;Amphibien;;-936615386;Ichthyosaura;alpestris;Bergmolch;;1;;;;;0,00000;0,00000;;5007/3;nein;nein;https://naturgucker.de/?bild=-888007696;https://naturgucker.de/?gebiet=-912713277
-8154823960;Biotop Hürth Sielsdorf;DE;NRW;BM;6,85491;50,90391;07.07.2021;;;;;;;;InsektenSonstige;;-298679439;Trichoptera;indet.;Köcherfliege (unbestimmt);;1;;;;;0,00000;0,00000;;5007/3;nein;nein;https://naturgucker.de/?bild=175544695;https://naturgucker.de/?gebiet=-912713277
-15593335280;Biotop Hürth Sielsdorf;DE;NRW;BM;6,85491;50,90391;20.06.2021;;;;;;;;Schmetterlinge;;-134868367;Xestia;c-nigrum;Schwarzes C;;1;;;;;0,00000;0,00000;;5007/3;nein;nein;https://naturgucker.de/?bild=1420733747;https://naturgucker.de/?gebiet=-912713277
1390982770;Biotop Hürth Sielsdorf;DE;NRW;BM;6,85491;50,90391;20.06.2021;;;;;;;;Kaefer;;-1038514210;Asaphidion;indet.;Haarahlenläufer (unbestimmt);;4;;;;;0,00000;0,00000;;5007/3;nein;nein;https://naturgucker.de/?bild=-218726185;https://naturgucker.de/?gebiet=-912713277
14008067580;Biotop Hürth Sielsdorf;DE;NRW;BM;6,85491;50,90391;20.06.2021;;;;;;;;Kaefer;;-259271614;Chrysolina;americana;Rosmarin-Blattkäfer;;1;;;;;0,00000;0,00000;;5007/3;nein;nein;https://naturgucker.de/?bild=-186353358;https://naturgucker.de/?gebiet=-912713277
8240082160;Biotop Hürth Sielsdorf;DE;NRW;BM;6,85491;50,90391;20.06.2021;;;;;;;;Kaefer;;-1933840300;Notiophilus;indet.;Eilkäfer (unbestimmt);;4;;;;;0,00000;0,00000;;5007/3;nein;nein;https://naturgucker.de/?bild=979490702;https://naturgucker.de/?gebiet=-912713277
10503787890;Biotop Hürth Sielsdorf;DE;NRW;BM;6,85491;50,90391;20.06.2021;;;;;;;;InsektenSonstige;;1797941350;Pamphiliidae;indet.;Gespinstblattwespe (unbestimmt);dzde;;;Larve/Raupe/Nymphe;;;0,00000;0,00000;;5007/3;nein;nein;https://naturgucker.de/?bild=-401659810;https://naturgucker.de/?gebiet=-912713277
10626138400;Biotop Hürth Sielsdorf;DE;NRW;BM;6,85491;50,90391;20.06.2021;;;;;;;;InsektenSonstige;;-1258390703;Megaloceroea;recticornis;Große Graswanze;;1;;;;;0,00000;0,00000;;5007/3;nein;nein;https://naturgucker.de/?bild=1205385088;https://naturgucker.de/?gebiet=-912713277
12662590360;Biotop Hürth Sielsdorf;DE;NRW;BM;6,85491;50,90391;19.06.2021;;;;;;;;Schmetterlinge;;1610211752;Pieris;napi;Grünader-Weißling;;1;Paar(e);;kopulierend;;0,00000;0,00000;;5007/3;nein;nein;https://naturgucker.de/?bild=-2092761677;https://naturgucker.de/?gebiet=-912713277
18658791280;Biotop Hürth Sielsdorf;DE;NRW;BM;6,85491;50,90391;19.06.2021;;;;;;;;InsektenSonstige;;1090257684;Rhyssa;persuasoria;Holzwespen-Schlupfwespe;;1;;;;;0,00000;0,00000;;5007/3;nein;nein;https://naturgucker.de/?bild=1003234955;https://naturgucker.de/?gebiet=-912713277
-18819389870;Biotop Hürth Sielsdorf;DE;NRW;BM;6,85491;50,90391;16.06.2021;;;;;;;;Voegel;77100;-160865708;Buteo;buteo;Mäusebussard;;1;;;;;0,00000;0,00000;;5007/3;nein;nein;;https://naturgucker.de/?gebiet=-912713277
-6278301040;Biotop Hürth Sielsdorf;DE;NRW;BM;6,85491;50,90391;16.06.2021;;;;;;;;Voegel;90900;-1351838284;Dendrocopos;major;Buntspecht;;1;;;;;0,00000;0,00000;;5007/3;nein;nein;;https://naturgucker.de/?gebiet=-912713277
-3084361020;Biotop Hürth Sielsdorf;DE;NRW;BM;6,85491;50,90391;16.06.2021;;;;;;;;Voegel;154300;-1851983768;Corvus;corone;Rabenkrähe;;1;;;;;0,00000;0,00000;;5007/3;nein;nein;;https://naturgucker.de/?gebiet=-912713277
326854510;Biotop Hürth Sielsdorf;DE;NRW;BM;6,85491;50,90391;16.06.2021;;;;;;;;Voegel;176000;1538916412;Phylloscopus;collybita;Zilpzalp;;1;;;;;0,00000;0,00000;;5007/3;nein;nein;;https://naturgucker.de/?gebiet=-912713277
5003559140;Biotop Hürth Sielsdorf;DE;NRW;BM;6,85491;50,90391;16.06.2021;;;;;;;;Voegel;194100;1111601228;Turdus;merula;Amsel;;1;;;;;0,00000;0,00000;;5007/3;nein;nein;;https://naturgucker.de/?gebiet=-912713277
831674840;Biotop Hürth Sielsdorf;DE;NRW;BM;6,85491;50,90391;16.06.2021;;;;;;;;Voegel;194100;1248909873;Turdus;philomelos;Singdrossel;;1;;;;;0,00000;0,00000;;5007/3;nein;nein;;https://naturgucker.de/?gebiet=-912713277
-2537674800;Biotop Hürth Sielsdorf;DE;NRW;BM;6,85491;50,90391;16.06.2021;;;;;;;;Schmetterlinge;;-307795705;Vanessa;atalanta;Admiral;;2;;;;;0,00000;0,00000;;5007/3;nein;nein;;https://naturgucker.de/?gebiet=-912713277
7005219240;Biotop Hürth Sielsdorf;DE;NRW;BM;6,85491;50,90391;16.06.2021;;;;;;;;Kaefer;;-1649833968;Dasytes;indet.;Dasytes-Wollhaarkäfer (unbestimmt);;1;;;;;0,00000;0,00000;;5007/3;nein;nein;https://naturgucker.de/?bild=881353633;https://naturgucker.de/?gebiet=-912713277
1997862700;Biotop Hürth Sielsdorf;DE;NRW;BM;6,85491;50,90391;06.06.2021;;;;;;;;Amphibien;;-1284584011;Bufo;bufo;Erdkröte;;1;;;;;0,00000;0,00000;;5007/3;nein;nein;https://naturgucker.de/?bild=2069972279;https://naturgucker.de/?gebiet=-912713277
14533309450;Biotop Hürth Sielsdorf;DE;NRW;BM;6,85491;50,90391;06.06.2021;;;;;;;;Schmetterlinge;;71647707;Eratophyes;amasiella;Birken-Faulholzmotte;;1;;;;;0,00000;0,00000;;5007/3;nein;nein;https://naturgucker.de/?bild=-1482216292;https://naturgucker.de/?gebiet=-912713277
1975010300;Biotop Hürth Sielsdorf;DE;NRW;BM;6,85491;50,90391;06.06.2021;;;;;;;;Kaefer;;-1897246178;Anthonomus;rectirostris;Kirschkernstecher;;1;;;;;0,00000;0,00000;;5007/3;nein;nein;https://naturgucker.de/?bild=-1844717087;https://naturgucker.de/?gebiet=-912713277
9219093690;Biotop Hürth Sielsdorf;DE;NRW;BM;6,85491;50,90391;06.06.2021;;;;;;;;Kaefer;;1201232610;Nebria;indet.;Dammläufer (unbestimmt);;1;;;;;0,00000;0,00000;;5007/3;nein;nein;https://naturgucker.de/?bild=-965632150;https://naturgucker.de/?gebiet=-912713277
5399479510;Biotop Hürth Sielsdorf;DE;NRW;BM;6,85491;50,90391;01.06.2021;;;;;;;;Libellen;;-1761536774;Pyrrhosoma;nymphula;Frühe Adonislibelle;;1;;;;;0,00000;0,00000;;5007/3;nein;nein;https://naturgucker.de/?bild=718976339;https://naturgucker.de/?gebiet=-912713277
1153753040;Biotop Hürth Sielsdorf;DE;NRW;BM;6,85491;50,90391;01.06.2021;;;;;;;;InsektenSonstige;;-313144227;Helophilus;pendulus;Gemeine Sumpfschwebfliege;;1;;;;;0,00000;0,00000;;5007/3;nein;nein;https://naturgucker.de/?bild=192003539;https://naturgucker.de/?gebiet=-912713277
-31980190;Biotop Hürth Sielsdorf;DE;NRW;BM;6,85491;50,90391;30.05.2021;;;;;;;;Kaefer;;-366256503;Athous;haemorrhoidalis;Rotbauchiger Laubschnellkäfer;;1;;;;;0,00000;0,00000;;5007/3;nein;nein;https://naturgucker.de/?bild=-1532236045;https://naturgucker.de/?gebiet=-912713277
14244827270;Biotop Hürth Sielsdorf;DE;NRW;BM;6,85491;50,90391;29.05.2021;;;;;;;;InsektenSonstige;;654184042;Liocoris;tripustulatus;Gepunktete Nesselwanze;;1;;;;;0,00000;0,00000;;5007/3;nein;nein;https://naturgucker.de/?bild=-1934631781;https://naturgucker.de/?gebiet=-912713277
9749499540;Biotop Hürth Sielsdorf;DE;NRW;BM;6,85491;50,90391;23.05.2021;;;;;;;;Voegel;17600;-1936007614;Columba;palumbus;Ringeltaube;;1;;;;;0,00000;0,00000;;5007/3;nein;nein;;https://naturgucker.de/?gebiet=-912713277
-19621507150;Biotop Hürth Sielsdorf;DE;NRW;BM;6,85491;50,90391;23.05.2021;;;;;;;;Voegel;77100;-160865708;Buteo;buteo;Mäusebussard;;2;;;brütend;;0,00000;0,00000;;5007/3;nein;nein;;https://naturgucker.de/?gebiet=-912713277
14878429800;Biotop Hürth Sielsdorf;DE;NRW;BM;6,85491;50,90391;23.05.2021;;;;;;;;Voegel;90900;-1351838284;Dendrocopos;major;Buntspecht;;2;;;brütend;;0,00000;0,00000;;5007/3;nein;nein;;https://naturgucker.de/?gebiet=-912713277
12329254850;Biotop Hürth Sielsdorf;DE;NRW;BM;6,85491;50,90391;23.05.2021;;;;;;;;Voegel;161500;412520663;Cyanistes;caeruleus;Blaumeise;;1;;;brütend;;0,00000;0,00000;;5007/3;nein;nein;;https://naturgucker.de/?gebiet=-912713277
952081140;Biotop Hürth Sielsdorf;DE;NRW;BM;6,85491;50,90391;23.05.2021;;;;;;;;Voegel;176000;1538916412;Phylloscopus;collybita;Zilpzalp;;1;;;;;0,00000;0,00000;;5007/3;nein;nein;;https://naturgucker.de/?gebiet=-912713277
14902567380;Biotop Hürth Sielsdorf;DE;NRW;BM;6,85491;50,90391;23.05.2021;;;;;;;;Voegel;194100;1111601228;Turdus;merula;Amsel;;1;;;brütend;;0,00000;0,00000;;5007/3;nein;nein;;https://naturgucker.de/?gebiet=-912713277
19951039320;Biotop Hürth Sielsdorf;DE;NRW;BM;6,85491;50,90391;23.05.2021;;;;;;;;Saeuger;;-1877514095;Sciurus;vulgaris;Europäisches Eichhörnchen;;1;;;;;0,00000;0,00000;;5007/3;nein;nein;;https://naturgucker.de/?gebiet=-912713277
18163078790;Biotop Hürth Sielsdorf;DE;NRW;BM;6,85491;50,90391;23.05.2021;;;;;;;;Kaefer;;-1023025595;Curculio;nucum;Haselnussbohrer;;1;;;;;0,00000;0,00000;;5007/3;nein;nein;https://naturgucker.de/?bild=-797943835;https://naturgucker.de/?gebiet=-912713277
-13949402420;Biotop Hürth Sielsdorf;DE;NRW;BM;6,85491;50,90391;23.05.2021;;;;;;;;Kaefer;;992208183;Grammoptera;ruficornis;Mattschwarzer Blütenbock;;2;;;;;0,00000;0,00000;;5007/3;nein;nein;https://naturgucker.de/?bild=-1808766948;https://naturgucker.de/?gebiet=-912713277
-713367670;Biotop Hürth Sielsdorf;DE;NRW;BM;6,85491;50,90391;23.05.2021;;;;;;;;Kaefer;;791961340;Phyllobius;pyri;Kupfriger Blattrüssler;;1;;;;;0,00000;0,00000;;5007/3;nein;nein;https://naturgucker.de/?bild=506769797;https://naturgucker.de/?gebiet=-912713277
12779311280;Biotop Hürth Sielsdorf;DE;NRW;BM;6,85491;50,90391;23.05.2021;;;;;;;;InsektenSonstige;;-1967551460;Aelia;acuminata;Mittlere Getreidespitzwanze;;1;;;;;0,00000;0,00000;;5007/3;nein;nein;https://naturgucker.de/?bild=-979204115;https://naturgucker.de/?gebiet=-912713277
-3208005690;Biotop Hürth Sielsdorf;DE;NRW;BM;6,85491;50,90391;13.05.2021;;;;;;;;Kaefer;;-1319465470;Valgus;hemipterus;Stolperkäfer;;1;;;;;0,00000;0,00000;;5007/3;nein;nein;https://naturgucker.de/?bild=1742323307;https://naturgucker.de/?gebiet=-912713277
471459790;Biotop Hürth Sielsdorf;DE;NRW;BM;6,85491;50,90391;01.05.2021;;;;;;;;Voegel;77100;-160865708;Buteo;buteo;Mäusebussard;;1;;;brütend;;0,00000;0,00000;;5007/3;nein;nein;;https://naturgucker.de/?gebiet=-912713277
19728407720;Biotop Hürth Sielsdorf;DE;NRW;BM;6,85491;50,90391;01.05.2021;;;;;;;;Voegel;153700;-1143804961;Garrulus;glandarius;Eichelhäher;;1;;;;;0,00000;0,00000;;5007/3;nein;nein;;https://naturgucker.de/?gebiet=-912713277
7311090200;Biotop Hürth Sielsdorf;DE;NRW;BM;6,85491;50,90391;01.05.2021;;;;;;;;Voegel;177500;1765164403;Aegithalos;caudatus;Schwanzmeise;;2;;;;;0,00000;0,00000;;5007/3;nein;nein;;https://naturgucker.de/?gebiet=-912713277
-1542832830;Biotop Hürth Sielsdorf;DE;NRW;BM;6,85491;50,90391;01.05.2021;;;;;;;;Voegel;186500;-205443828;Troglodytes;troglodytes;Zaunkönig;;1;;;;;0,00000;0,00000;;5007/3;nein;nein;;https://naturgucker.de/?gebiet=-912713277
-2820794210;Biotop Hürth Sielsdorf;DE;NRW;BM;6,85491;50,90391;01.05.2021;;;;;;;;Amphibien;;27444310;Lissotriton;vulgaris;Teichmolch;;2;;;;;0,00000;0,00000;;5007/3;nein;nein;;https://naturgucker.de/?gebiet=-912713277
-13448995430;Biotop Hürth Sielsdorf;DE;NRW;BM;6,85491;50,90391;01.05.2021;;;;;;;;Schmetterlinge;;-267454835;Phigalia;pilosaria;Schneespanner;;1;;Raupe L2;;;0,00000;0,00000;;5007/3;nein;nein;https://naturgucker.de/?bild=625613209;https://naturgucker.de/?gebiet=-912713277
-2945437520;Biotop Hürth Sielsdorf;DE;NRW;BM;6,85491;50,90391;01.05.2021;;;;;;;;InsektenSonstige;;1014940517;Stratiomyidae;indet.;Waffenfliege (unbestimmt);;6;;;;;0,00000;0,00000;;5007/3;nein;nein;https://naturgucker.de/?bild=823130592;https://naturgucker.de/?gebiet=-912713277
17448024230;Biotop Hürth Sielsdorf;DE;NRW;BM;6,85491;50,90391;21.04.2021;;;;;;;;Voegel;17600;-1936007614;Columba;palumbus;Ringeltaube;;1;;;;;0,00000;0,00000;;5007/3;nein;nein;;https://naturgucker.de/?gebiet=-912713277
-1243892020;Biotop Hürth Sielsdorf;DE;NRW;BM;6,85491;50,90391;21.04.2021;;;;;;;;Voegel;90900;-1351838284;Dendrocopos;major;Buntspecht;;2;;;Paarung;;0,00000;0,00000;;5007/3;nein;nein;;https://naturgucker.de/?gebiet=-912713277
15965778160;Biotop Hürth Sielsdorf;DE;NRW;BM;6,85491;50,90391;21.04.2021;;;;;;;;Voegel;161500;412520663;Cyanistes;caeruleus;Blaumeise;;;;;am/auf/in Nest/Höhle;;0,00000;0,00000;;5007/3;nein;nein;;https://naturgucker.de/?gebiet=-912713277
15271567380;Biotop Hürth Sielsdorf;DE;NRW;BM;6,85491;50,90391;21.04.2021;;;;;;;;Voegel;161700;-219564940;Parus;major;Kohlmeise;;2;;;;;0,00000;0,00000;;5007/3;nein;nein;;https://naturgucker.de/?gebiet=-912713277
-4518206460;Biotop Hürth Sielsdorf;DE;NRW;BM;6,85491;50,90391;21.04.2021;;;;;;;;Voegel;177700;-1333968212;Sylvia;atricapilla;Mönchsgrasmücke;;1;;;;;0,00000;0,00000;;5007/3;nein;nein;;https://naturgucker.de/?gebiet=-912713277
-2233720770;Biotop Hürth Sielsdorf;DE;NRW;BM;6,85491;50,90391;21.04.2021;;;;;;;;Voegel;186500;-205443828;Troglodytes;troglodytes;Zaunkönig;;1;;;;;0,00000;0,00000;;5007/3;nein;nein;;https://naturgucker.de/?gebiet=-912713277
18048940590;Biotop Hürth Sielsdorf;DE;NRW;BM;6,85491;50,90391;21.04.2021;;;;;;;;Saeuger;;-1877514095;Sciurus;vulgaris;Europäisches Eichhörnchen;;2;;;;;0,00000;0,00000;;5007/3;nein;nein;;https://naturgucker.de/?gebiet=-912713277
281323250;Biotop Hürth Sielsdorf;DE;NRW;BM;6,85491;50,90391;21.04.2021;;;;;;;;Amphibien;;27444310;Lissotriton;vulgaris;Teichmolch;;4;;;;;0,00000;0,00000;;5007/3;nein;nein;;https://naturgucker.de/?gebiet=-912713277
-9241632540;Biotop Hürth Sielsdorf;DE;NRW;BM;6,85491;50,90391;21.04.2021;;;;;;;;Schmetterlinge;;1051557045;Pararge;aegeria;Waldbrettspiel;;1;;;;;0,00000;0,00000;;5007/3;nein;nein;;https://naturgucker.de/?gebiet=-912713277
-7082478630;Biotop Hürth Sielsdorf;DE;NRW;BM;6,85491;50,90391;16.04.2021;;;;;;;;Voegel;16100;-2021634647;Anas;platyrhynchos;Stockente;;5;;;;;0,00000;0,00000;;5007/3;nein;nein;;https://naturgucker.de/?gebiet=-912713277
-7645072780;Biotop Hürth Sielsdorf;DE;NRW;BM;6,85491;50,90391;16.04.2021;;;;;;;;Voegel;17600;-1936007614;Columba;palumbus;Ringeltaube;;4;;;;;0,00000;0,00000;;5007/3;nein;nein;;https://naturgucker.de/?gebiet=-912713277
-18982516670;Biotop Hürth Sielsdorf;DE;NRW;BM;6,85491;50,90391;16.04.2021;;;;;;;;Voegel;77100;-160865708;Buteo;buteo;Mäusebussard;;1;;;;;0,00000;0,00000;;5007/3;nein;nein;;https://naturgucker.de/?gebiet=-912713277
-8841294780;Biotop Hürth Sielsdorf;DE;NRW;BM;6,85491;50,90391;16.04.2021;;;;;;;;Voegel;90900;-1351838284;Dendrocopos;major;Buntspecht;;1;;;;;0,00000;0,00000;;5007/3;nein;nein;;https://naturgucker.de/?gebiet=-912713277
-9082488050;Biotop Hürth Sielsdorf;DE;NRW;BM;6,85491;50,90391;16.04.2021;;;;;;;;Voegel;176000;1538916412;Phylloscopus;collybita;Zilpzalp;;1;;;;;0,00000;0,00000;;5007/3;nein;nein;;https://naturgucker.de/?gebiet=-912713277
4820097640;Biotop Hürth Sielsdorf;DE;NRW;BM;6,85491;50,90391;16.04.2021;;;;;;;;Saeuger;;-1450589223;Myodes;glareolus;Rötelmaus;;1;;;;;0,00000;0,00000;;5007/3;nein;nein;;https://naturgucker.de/?gebiet=-912713277
1323500270;Biotop Hürth Sielsdorf;DE;NRW;BM;6,85491;50,90391;16.04.2021;;;;;;;;Saeuger;;-217233898;Vulpes;vulpes;Rotfuchs;;1;;;Totfund;;0,00000;0,00000;;5007/3;nein;nein;;https://naturgucker.de/?gebiet=-912713277
-5800750480;Biotop Hürth Sielsdorf;DE;NRW;BM;6,85491;50,90391;28.03.2021;;;;;;;;Voegel;17600;-1936007614;Columba;palumbus;Ringeltaube;;2;;;;;0,00000;0,00000;;5007/3;nein;nein;;https://naturgucker.de/?gebiet=-912713277
-14104236760;Biotop Hürth Sielsdorf;DE;NRW;BM;6,85491;50,90391;28.03.2021;;;;;;;;Voegel;77100;-160865708;Buteo;buteo;Mäusebussard;;1;;;;;0,00000;0,00000;;5007/3;nein;nein;;https://naturgucker.de/?gebiet=-912713277
-19919285010;Biotop Hürth Sielsdorf;DE;NRW;BM;6,85491;50,90391;28.03.2021;;;;;;;;Voegel;90900;-1351838284;Dendrocopos;major;Buntspecht;;1;;;;;0,00000;0,00000;;5007/3;nein;nein;;https://naturgucker.de/?gebiet=-912713277
14349501430;Biotop Hürth Sielsdorf;DE;NRW;BM;6,85491;50,90391;28.03.2021;;;;;;;;Voegel;161500;412520663;Cyanistes;caeruleus;Blaumeise;;2;;;;;0,00000;0,00000;;5007/3;nein;nein;;https://naturgucker.de/?gebiet=-912713277
-15283988780;Biotop Hürth Sielsdorf;DE;NRW;BM;6,85491;50,90391;28.03.2021;;;;;;;;Voegel;161700;-219564940;Parus;major;Kohlmeise;;2;;;;;0,00000;0,00000;;5007/3;nein;nein;;https://naturgucker.de/?gebiet=-912713277
-4979295260;Biotop Hürth Sielsdorf;DE;NRW;BM;6,85491;50,90391;28.03.2021;;;;;;;;Voegel;176000;1538916412;Phylloscopus;collybita;Zilpzalp;;1;;;;;0,00000;0,00000;;5007/3;nein;nein;;https://naturgucker.de/?gebiet=-912713277
-20749111520;Biotop Hürth Sielsdorf;DE;NRW;BM;6,85491;50,90391;28.03.2021;;;;;;;;Amphibien;;-1284584011;Bufo;bufo;Erdkröte;;2;;;;;0,00000;0,00000;;5007/3;nein;nein;;https://naturgucker.de/?gebiet=-912713277
-20036607440;Biotop Hürth Sielsdorf;DE;NRW;BM;6,85491;50,90391;28.03.2021;;;;;;;;TiereSonstige;;67866706;Nuctenea;umbratica;Gewöhnliche Spaltenkreuzspinne;;1;;;;;0,00000;0,00000;;5007/3;nein;nein;https://naturgucker.de/?bild=890688339;https://naturgucker.de/?gebiet=-912713277
-10908072200;Biotop Hürth Sielsdorf;DE;NRW;BM;6,85491;50,90391;21.03.2021;;;;;;;;Pilze;;-1844322778;Coprinellus;micaceus;Glimmer-Tintling;;1;;;;;0,00000;0,00000;;5007/3;nein;nein;https://naturgucker.de/?bild=63577655;https://naturgucker.de/?gebiet=-912713277
-21444029480;Biotop Hürth Sielsdorf;DE;NRW;BM;6,85491;50,90391;13.03.2021;;;;;;;;Pflanzen;18400;1181510405;Arum;maculatum;Gefleckter Aronstab;;1;;;;;0,00000;0,00000;;5007/3;nein;nein;https://naturgucker.de/?bild=-1008625464;https://naturgucker.de/?gebiet=-912713277
19047553150;Biotop Hürth Sielsdorf;DE;NRW;BM;6,85491;50,90391;21.02.2021;;;;;;;;Voegel;46700;-1401232693;Grus;grus;Kranich;hdte;;;;Zug n. N;;0,00000;0,00000;;5007/3;nein;nein;;https://naturgucker.de/?gebiet=-912713277
-39667070;Biotop Hürth Sielsdorf;DE;NRW;BM;6,85491;50,90391;21.02.2021;;;;;;;;Voegel;77100;-160865708;Buteo;buteo;Mäusebussard;;1;;;;;0,00000;0,00000;;5007/3;nein;nein;;https://naturgucker.de/?gebiet=-912713277
8758412140;Biotop Hürth Sielsdorf;DE;NRW;BM;6,85491;50,90391;21.02.2021;;;;;;;;Voegel;92200;-481001672;Falco;tinnunculus;Turmfalke;;1;;;;;0,00000;0,00000;;5007/3;nein;nein;;https://naturgucker.de/?gebiet=-912713277
20639859300;Biotop Hürth Sielsdorf;DE;NRW;BM;6,85491;50,90391;21.02.2021;;;;;;;;Voegel;161700;-219564940;Parus;major;Kohlmeise;;2;;;;;0,00000;0,00000;;5007/3;nein;nein;;https://naturgucker.de/?gebiet=-912713277
-12599134710;Biotop Hürth Sielsdorf;DE;NRW;BM;6,85491;50,90391;21.02.2021;;;;;;;;Voegel;194100;1111601228;Turdus;merula;Amsel;;1;;;;;0,00000;0,00000;;5007/3;nein;nein;;https://naturgucker.de/?gebiet=-912713277
-7803394580;Biotop Hürth Sielsdorf;DE;NRW;BM;6,85491;50,90391;21.02.2021;;;;;;;;Amphibien;;27444310;Lissotriton;vulgaris;Teichmolch;;2;;;;;0,00000;0,00000;;5007/3;nein;nein;;https://naturgucker.de/?gebiet=-912713277
-19469805100;Biotop Hürth Sielsdorf;DE;NRW;BM;6,85491;50,90391;21.02.2021;;;;;;;;Kaefer;;561597674;Coccinella;septempunctata;Siebenpunkt-Marienkäfer;;1;;;;;0,00000;0,00000;;5007/3;nein;nein;https://naturgucker.de/?bild=1559044250;https://naturgucker.de/?gebiet=-912713277
-11173068650;Biotop Hürth Sielsdorf;DE;NRW;BM;6,85491;50,90391;21.02.2021;;;;;;;;Kaefer;;561597674;Coccinella;septempunctata;Siebenpunkt-Marienkäfer;;1;;;;;0,00000;0,00000;;5007/3;nein;nein;https://naturgucker.de/?bild=1559044250;https://naturgucker.de/?gebiet=-912713277
-5153945620;Biotop Hürth Sielsdorf;DE;NRW;BM;6,85491;50,90391;21.02.2021;;;;;;;;InsektenSonstige;;321423220;Apis;mellifera;Westliche Honigbiene;;;;;;;0,00000;0,00000;;5007/3;nein;nein;;https://naturgucker.de/?gebiet=-912713277
13888644160;Biotop Hürth Sielsdorf;DE;NRW;BM;6,85491;50,90391;14.02.2021;;;;;;;;Pflanzen;18400;-405392279;Arum;italicum;Italienischer Aronstab;;1;;;;;0,00000;0,00000;;5007/3;nein;nein;https://naturgucker.de/?bild=516124604;https://naturgucker.de/?gebiet=-912713277
673024030;Biotop Hürth Sielsdorf;DE;NRW;BM;6,85491;50,90391;22.11.2020;16:00;;;;;;;Voegel;9300;-1421170179;Phasianus;colchicus;Jagdfasan;;1;;;;;0,00000;0,00000;;5007/3;nein;nein;;https://naturgucker.de/?gebiet=-912713277
-11385357230;Biotop Hürth Sielsdorf;DE;NRW;BM;6,85491;50,90391;22.11.2020;16:00;;;;;;;Voegel;92200;-481001672;Falco;tinnunculus;Turmfalke;;1;;;;;0,00000;0,00000;;5007/3;nein;nein;;https://naturgucker.de/?gebiet=-912713277
-7546746820;Biotop Hürth Sielsdorf;DE;NRW;BM;6,85491;50,90391;22.11.2020;16:00;;;;;;;Saeuger;;-1877514095;Sciurus;vulgaris;Europäisches Eichhörnchen;;1;;;;;0,00000;0,00000;;5007/3;nein;nein;;https://naturgucker.de/?gebiet=-912713277
-11705913900;Biotop Hürth Sielsdorf;DE;NRW;BM;6,85491;50,90391;08.11.2020;14:00;17:00;;;;;;Voegel;46700;-1401232693;Grus;grus;Kranich;min.;100;;;Zug n. S;14:07  ;0,00000;0,00000;;5007/3;nein;nein;;https://naturgucker.de/?gebiet=-912713277
2501516700;Biotop Hürth Sielsdorf;DE;NRW;BM;6,85491;50,90391;08.11.2020;14:00;17:00;;;;;;Voegel;46700;-1401232693;Grus;grus;Kranich;min.;150;;;Zug n. S;14:22  ;0,00000;0,00000;;5007/3;nein;nein;;https://naturgucker.de/?gebiet=-912713277
-6700043590;Biotop Hürth Sielsdorf;DE;NRW;BM;6,85491;50,90391;08.11.2020;14:00;17:00;;;;;;Voegel;46700;-1401232693;Grus;grus;Kranich;min.;300;;;Zug n. S;16:45  ;0,00000;0,00000;;5007/3;nein;nein;;https://naturgucker.de/?gebiet=-912713277
-3430065770;Biotop Hürth Sielsdorf;DE;NRW;BM;6,85491;50,90391;08.11.2020;14:00;17:00;;;;;;Voegel;92200;-481001672;Falco;tinnunculus;Turmfalke;;1;;;;;0,00000;0,00000;;5007/3;nein;nein;;https://naturgucker.de/?gebiet=-912713277
17813019560;Biotop Hürth Sielsdorf;DE;NRW;BM;6,85491;50,90391;08.11.2020;14:00;17:00;;;;;;Voegel;161500;412520663;Cyanistes;caeruleus;Blaumeise;;1;;;;;0,00000;0,00000;;5007/3;nein;nein;;https://naturgucker.de/?gebiet=-912713277
-82980150;Biotop Hürth Sielsdorf;DE;NRW;BM;6,85491;50,90391;08.11.2020;14:00;17:00;;;;;;Voegel;161700;-219564940;Parus;major;Kohlmeise;;3;;;;;0,00000;0,00000;;5007/3;nein;nein;;https://naturgucker.de/?gebiet=-912713277
16727777690;Biotop Hürth Sielsdorf;DE;NRW;BM;6,85491;50,90391;08.11.2020;14:00;17:00;;;;;;Saeuger;;-1877514095;Sciurus;vulgaris;Europäisches Eichhörnchen;;1;;;;;0,00000;0,00000;;5007/3;nein;nein;;https://naturgucker.de/?gebiet=-912713277
-18146670640;Biotop Hürth Sielsdorf;DE;NRW;BM;6,85491;50,90391;08.11.2020;14:00;17:00;;;;;;Pilze;;-356636514;Pholiota;squarrosa;Sparriger Schüppling;;1;;;;;0,00000;0,00000;;5007/3;nein;nein;https://naturgucker.de/?bild=-2097179940;https://naturgucker.de/?gebiet=-912713277
-20845445400;Biotop Hürth Sielsdorf;DE;NRW;BM;6,85491;50,90391;17.06.2020;;;;;;;;Schmetterlinge;;1215782960;Cucullia;scrophulariae;Braunwurz-Mönch;;1;;Raupe L3;;;0,00000;0,00000;;5007/3;nein;nein;https://naturgucker.de/?bild=-546888239;https://naturgucker.de/?gebiet=-912713277
-18407116060;Biotop Hürth Sielsdorf;DE;NRW;BM;6,85491;50,90391;23.05.2020;;;;;;;;InsektenSonstige;;8628331;Bombus;hypnorum;Baumhummel;;1;;;am/im Nest;;0,00000;0,00000;;5007/3;nein;nein;https://naturgucker.de/?bild=1032717722;https://naturgucker.de/?gebiet=-912713277
2013881160;Biotop Hürth Sielsdorf;DE;NRW;BM;6,85491;50,90391;29.04.2020;;;;;;;;Kaefer;;601371472;Oxythyrea;funesta;Trauer-Rosenkäfer;;1;;;;;0,00000;0,00000;;5007/3;nein;nein;https://naturgucker.de/?bild=-79788052;https://naturgucker.de/?gebiet=-912713277
